{
  "per_fold": {
    "Logistic Regression": [
      0.9986268859951286,
      0.9983693704783813,
      0.9985840448098209,
      0.9983479779424853,
      0.998562445483292
    ],
    "Random Forest": [
      0.9998927280704967,
      0.9997210929832915,
      0.9997210891189336,
      0.9998283631295005,
      0.9997210773276932
    ],
    "XGBoost": [
      0.9998927280704967,
      0.9997854524247328,
      0.999785455398167,
      0.9998283655068859,
      0.9998069023688831
    ],
    "Hybrid (Proposed)": [
      0.9998927280704967,
      0.9997854539118755,
      0.9997210891189336,
      0.9997854568836072,
      0.9997854463322783
    ]
  },
  "mean_f1": {
    "Logistic Regression": 0.9985,
    "Random Forest": 0.9998,
    "XGBoost": 0.9998,
    "Hybrid (Proposed)": 0.9998
  },
  "std_f1": {
    "Logistic Regression": 0.0001,
    "Random Forest": 0.0001,
    "XGBoost": 0.0,
    "Hybrid (Proposed)": 0.0001
  }
}