{
  "accuracy": 0.9996352792259338,
  "precision": 0.9994811163411289,
  "recall": 0.999888765294772,
  "f1": 0.99968489926044,
  "roc_auc": 0.9999950634089546,
  "train_time": 47.9845,
  "infer_time_ms": 0.010433
}