{
  "accuracy": 0.9983051211087511,
  "precision": 0.997963038405985,
  "recall": 0.9991101223581758,
  "f1": 0.998536250949584,
  "roc_auc": 0.9999769934091507,
  "train_time": 3.106,
  "infer_time_ms": 0.000371
}