{
  "accuracy": 0.9996138250627534,
  "precision": 0.9994810971089696,
  "recall": 0.999851687059696,
  "f1": 0.9996663577386469,
  "roc_auc": 0.9999933691104983,
  "train_time": 43.8792,
  "infer_time_ms": 0.008779
}