{
  "accuracy": 0.9997425500418357,
  "precision": 0.9996293276002669,
  "recall": 0.9999258435298479,
  "f1": 0.9997775635797435,
  "roc_auc": 0.9999984104743174,
  "train_time": 3.7463,
  "infer_time_ms": 0.002069
}